<?xml version="1.0" encoding="UTF-8"?>
<metadata modelVersion="1.1.0">
  <groupId>com.proteccion.davinci.model</groupId>
  <artifactId>Davinci-ModeloCanonico</artifactId>
  <version>1.7.7-SNAPSHOT</version>
  <versioning>
    <snapshot>
      <timestamp>20170331.221534</timestamp>
      <buildNumber>12</buildNumber>
    </snapshot>
    <lastUpdated>20170331221534</lastUpdated>
    <snapshotVersions>
      <snapshotVersion>
        <extension>jar</extension>
        <value>1.7.7-20170331.221534-12</value>
        <updated>20170331221534</updated>
      </snapshotVersion>
      <snapshotVersion>
        <extension>pom</extension>
        <value>1.7.7-20170331.221534-12</value>
        <updated>20170331221534</updated>
      </snapshotVersion>
      <snapshotVersion>
        <classifier>sources</classifier>
        <extension>jar</extension>
        <value>1.7.7-20170331.221534-12</value>
        <updated>20170331221534</updated>
      </snapshotVersion>
    </snapshotVersions>
  </versioning>
</metadata>
