<?xml version="1.0" encoding="UTF-8"?>
<metadata modelVersion="1.1.0">
  <groupId>com.proteccion.davinci.model</groupId>
  <artifactId>Davinci-ModeloCanonico</artifactId>
  <version>1.7.4-SNAPSHOT</version>
  <versioning>
    <snapshot>
      <timestamp>20161101.182240</timestamp>
      <buildNumber>2</buildNumber>
    </snapshot>
    <lastUpdated>20161101182240</lastUpdated>
    <snapshotVersions>
      <snapshotVersion>
        <extension>jar</extension>
        <value>1.7.4-20161101.182240-2</value>
        <updated>20161101182240</updated>
      </snapshotVersion>
      <snapshotVersion>
        <extension>pom</extension>
        <value>1.7.4-20161101.182240-2</value>
        <updated>20161101182240</updated>
      </snapshotVersion>
      <snapshotVersion>
        <classifier>sources</classifier>
        <extension>jar</extension>
        <value>1.7.4-20161101.182240-2</value>
        <updated>20161101182240</updated>
      </snapshotVersion>
    </snapshotVersions>
  </versioning>
</metadata>
