<?xml version="1.0" encoding="UTF-8"?>
<metadata>
  <groupId>com.proteccion.davinci.model</groupId>
  <artifactId>Davinci-ModeloCanonico</artifactId>
  <versioning>
    <latest>1.7.7-SNAPSHOT</latest>
    <release>1.7.4</release>
    <versions>
      <version>1.0-SNAPSHOT</version>
      <version>1.1-SNAPSHOT</version>
      <version>1.2-SNAPSHOT</version>
      <version>1.3-SNAPSHOT</version>
      <version>1.4-SNAPSHOT</version>
      <version>1.5-SNAPSHOT</version>
      <version>1.6-SNAPSHOT</version>
      <version>1.7-SNAPSHOT</version>
      <version>1.7.0</version>
      <version>1.7.1</version>
      <version>1.7.2-SNAPSHOT</version>
      <version>1.7.2</version>
      <version>1.7.3-SNAPSHOT</version>
      <version>1.7.3</version>
      <version>1.7.4-SNAPSHOT</version>
      <version>1.7.4</version>
      <version>1.7.5-SNAPSHOT</version>
      <version>1.7.6-SNAPSHOT</version>
      <version>1.7.7-SNAPSHOT</version>
    </versions>
    <lastUpdated>20170223171311</lastUpdated>
  </versioning>
</metadata>
