<?xml version="1.0" encoding="UTF-8"?>
<metadata>
  <groupId>co.com.proteccion</groupId>
  <artifactId>AdmonPropiedadesClient</artifactId>
  <versioning>
    <latest>1.1.1</latest>
    <release>1.1.1</release>
    <versions>
      <version>0.0.2-SNAPSHOT</version>
      <version>1.0.2</version>
      <version>1.0.3</version>
      <version>1.1-RC1</version>
      <version>1.1</version>
      <version>1.1.1</version>
    </versions>
    <lastUpdated>20161130061916</lastUpdated>
  </versioning>
</metadata>
