<?xml version="1.0" encoding="UTF-8"?>
<metadata modelVersion="1.1.0">
  <groupId>com.proteccion.davinci.model</groupId>
  <artifactId>Davinci-ServicioPagoClient</artifactId>
  <version>1.5.0-SNAPSHOT</version>
  <versioning>
    <snapshot>
      <timestamp>20170331.211404</timestamp>
      <buildNumber>19</buildNumber>
    </snapshot>
    <lastUpdated>20170331211404</lastUpdated>
    <snapshotVersions>
      <snapshotVersion>
        <extension>jar</extension>
        <value>1.5.0-20170331.211404-19</value>
        <updated>20170331211404</updated>
      </snapshotVersion>
      <snapshotVersion>
        <extension>pom</extension>
        <value>1.5.0-20170331.211404-19</value>
        <updated>20170331211404</updated>
      </snapshotVersion>
      <snapshotVersion>
        <classifier>sources</classifier>
        <extension>jar</extension>
        <value>1.5.0-20170331.211404-19</value>
        <updated>20170331211404</updated>
      </snapshotVersion>
      <snapshotVersion>
        <classifier>test-sources</classifier>
        <extension>jar</extension>
        <value>1.5.0-20170331.211404-19</value>
        <updated>20170331211404</updated>
      </snapshotVersion>
    </snapshotVersions>
  </versioning>
</metadata>
