<?xml version="1.0" encoding="UTF-8"?>
<metadata modelVersion="1.1.0">
  <groupId>com.proteccion.davinci.model</groupId>
  <artifactId>Davinci-ServicioPagoClient</artifactId>
  <version>1.5.0-SNAPSHOT</version>
  <versioning>
    <snapshot>
      <localCopy>true</localCopy>
    </snapshot>
    <lastUpdated>20170326202315</lastUpdated>
    <snapshotVersions>
      <snapshotVersion>
        <classifier>test-sources</classifier>
        <extension>jar</extension>
        <value>1.5.0-SNAPSHOT</value>
        <updated>20170326202315</updated>
      </snapshotVersion>
      <snapshotVersion>
        <classifier>sources</classifier>
        <extension>jar</extension>
        <value>1.5.0-SNAPSHOT</value>
        <updated>20170326202315</updated>
      </snapshotVersion>
      <snapshotVersion>
        <extension>jar</extension>
        <value>1.5.0-SNAPSHOT</value>
        <updated>20170326202315</updated>
      </snapshotVersion>
      <snapshotVersion>
        <extension>pom</extension>
        <value>1.5.0-SNAPSHOT</value>
        <updated>20170326202315</updated>
      </snapshotVersion>
    </snapshotVersions>
  </versioning>
</metadata>
