<?xml version="1.0" encoding="UTF-8"?>
<metadata modelVersion="1.1.0">
  <groupId>com.proteccion.davinci.model</groupId>
  <artifactId>Davinci-ServicioProductoInstitucionalClient</artifactId>
  <version>1.0.0-SNAPSHOT</version>
  <versioning>
    <snapshot>
      <timestamp>20161010.230606</timestamp>
      <buildNumber>2</buildNumber>
    </snapshot>
    <lastUpdated>20161010230606</lastUpdated>
    <snapshotVersions>
      <snapshotVersion>
        <extension>jar</extension>
        <value>1.0.0-20161010.230606-2</value>
        <updated>20161010230606</updated>
      </snapshotVersion>
      <snapshotVersion>
        <extension>pom</extension>
        <value>1.0.0-20161010.230606-2</value>
        <updated>20161010230606</updated>
      </snapshotVersion>
      <snapshotVersion>
        <classifier>sources</classifier>
        <extension>jar</extension>
        <value>1.0.0-20161010.230606-2</value>
        <updated>20161010230606</updated>
      </snapshotVersion>
      <snapshotVersion>
        <classifier>test-sources</classifier>
        <extension>jar</extension>
        <value>1.0.0-20161010.230606-2</value>
        <updated>20161010230606</updated>
      </snapshotVersion>
    </snapshotVersions>
  </versioning>
</metadata>
