<?xml version="1.0" encoding="UTF-8"?>
<metadata modelVersion="1.1.0">
  <groupId>com.proteccion.davinci.model</groupId>
  <artifactId>Davinci-ServicioCuentaBancariaClient</artifactId>
  <version>1.7.1-SNAPSHOT</version>
  <versioning>
    <snapshot>
      <timestamp>20161129.131108</timestamp>
      <buildNumber>2</buildNumber>
    </snapshot>
    <lastUpdated>20161129131108</lastUpdated>
    <snapshotVersions>
      <snapshotVersion>
        <extension>jar</extension>
        <value>1.7.1-20161129.131108-2</value>
        <updated>20161129131108</updated>
      </snapshotVersion>
      <snapshotVersion>
        <extension>pom</extension>
        <value>1.7.1-20161129.131108-2</value>
        <updated>20161129131108</updated>
      </snapshotVersion>
      <snapshotVersion>
        <classifier>sources</classifier>
        <extension>jar</extension>
        <value>1.7.1-20161129.131108-2</value>
        <updated>20161129131108</updated>
      </snapshotVersion>
    </snapshotVersions>
  </versioning>
</metadata>
