<?xml version="1.0" encoding="UTF-8"?>
<metadata modelVersion="1.1.0">
  <groupId>com.proteccion.davinci.model</groupId>
  <artifactId>Davinci-ServicioCuentaV2Client</artifactId>
  <version>0.0.2-SNAPSHOT</version>
  <versioning>
    <snapshot>
      <timestamp>20170613.150958</timestamp>
      <buildNumber>6</buildNumber>
    </snapshot>
    <lastUpdated>20170613150958</lastUpdated>
    <snapshotVersions>
      <snapshotVersion>
        <extension>jar</extension>
        <value>0.0.2-20170613.150958-6</value>
        <updated>20170613150958</updated>
      </snapshotVersion>
      <snapshotVersion>
        <extension>pom</extension>
        <value>0.0.2-20170613.150958-6</value>
        <updated>20170613150958</updated>
      </snapshotVersion>
      <snapshotVersion>
        <classifier>sources</classifier>
        <extension>jar</extension>
        <value>0.0.2-20170613.150958-6</value>
        <updated>20170613150958</updated>
      </snapshotVersion>
    </snapshotVersions>
  </versioning>
</metadata>
