<?xml version="1.0" encoding="UTF-8"?>
<metadata>
  <groupId>com.proteccion.davinci.model</groupId>
  <artifactId>Davinci-ServicioPagoClient</artifactId>
  <versioning>
    <versions>
      <version>1.0-SNAPSHOT</version>
      <version>1.1-SNAPSHOT</version>
      <version>1.2-SNAPSHOT</version>
      <version>1.3-SNAPSHOT</version>
      <version>1.4-SNAPSHOT</version>
      <version>1.5-SNAPSHOT</version>
      <version>1.6-SNAPSHOT</version>
      <version>1.7-SNAPSHOT</version>
      <version>1.7.1-SNAPSHOT</version>
      <version>1.5.0-SNAPSHOT</version>
    </versions>
    <lastUpdated>20170326202329</lastUpdated>
  </versioning>
</metadata>
