<?xml version="1.0" encoding="UTF-8"?>
<metadata modelVersion="1.1.0">
  <groupId>com.proteccion.davinci.model</groupId>
  <artifactId>Davinci-ServicioEntidadBancariaClient</artifactId>
  <version>1.1-SNAPSHOT</version>
  <versioning>
    <snapshot>
      <timestamp>20170331.223859</timestamp>
      <buildNumber>3</buildNumber>
    </snapshot>
    <lastUpdated>20170331223859</lastUpdated>
    <snapshotVersions>
      <snapshotVersion>
        <extension>jar</extension>
        <value>1.1-20170331.223859-3</value>
        <updated>20170331223859</updated>
      </snapshotVersion>
      <snapshotVersion>
        <extension>pom</extension>
        <value>1.1-20170331.223859-3</value>
        <updated>20170331223859</updated>
      </snapshotVersion>
      <snapshotVersion>
        <classifier>sources</classifier>
        <extension>jar</extension>
        <value>1.1-20170331.223859-3</value>
        <updated>20170331223859</updated>
      </snapshotVersion>
    </snapshotVersions>
  </versioning>
</metadata>
